{"train/loss": 0.5442, "train/grad_norm": 0.8807437419891357, "train/learning_rate": 1.1328746160610415e-11, "train/epoch": 0.824334350012365, "train/global_step": 10000, "_timestamp": 1720452677.5966988, "_runtime": 2002.0221087932587, "_step": 20, "eval/loss": 0.5421003103256226, "eval/runtime": 58.1199, "eval/samples_per_second": 17.206, "eval/steps_per_second": 17.206, "train_runtime": 2003.0509, "train_samples_per_second": 4.992, "train_steps_per_second": 4.992, "total_flos": 1.4627580620553216e+17, "train_loss": 0.56726298828125}