{"train/loss": 0.5551, "train/grad_norm": 0.8321197032928467, "train/learning_rate": 4.99997196211157e-05, "train/epoch": 0.0053581732750803725, "train/global_step": 65, "_timestamp": 1720450600.5942216, "_runtime": 220.00715970993042, "_step": 67, "eval/loss": 0.6526867747306824, "eval/runtime": 56.8434, "eval/samples_per_second": 17.592, "eval/steps_per_second": 17.592}